run,stimulus,concept,stimulus_idx,onset
3,stim/wordclouds/concept082_illness_wordcloud5.jpg,Illness,5,10.02
3,stim/wordclouds/concept135_science_wordcloud6.jpg,Science,6,15.01
3,stim/wordclouds/concept040_damage_wordcloud1.jpg,Damage,1,20.01
3,stim/wordclouds/concept015_bed_wordcloud2.jpg,Bed,2,25.02
3,stim/wordclouds/concept046_delivery_wordcloud5.jpg,Delivery,5,30.02
3,stim/wordclouds/concept016_beer_wordcloud4.jpg,Beer,4,35.02
3,stim/wordclouds/concept130_relationship_wordcloud6.jpg,Relationship,6,40.02
3,stim/wordclouds/concept098_light_wordcloud3.jpg,Light,3,45.01
3,stim/wordclouds/concept115_personality_wordcloud1.jpg,Personality,1,50.01
3,stim/wordclouds/concept136_seafood_wordcloud6.jpg,Seafood,6,55.02
3,stim/wordclouds/concept047_dessert_wordcloud1.jpg,Dessert,1,60.01
3,stim/wordclouds/concept092_land_wordcloud6.jpg,Land,6,65.01
3,stim/wordclouds/concept139_sexy_wordcloud4.jpg,Sexy,4,70.02
3,stim/wordclouds/concept143_sign_wordcloud6.jpg,Sign,6,75.02
3,stim/wordclouds/concept079_help_wordcloud3.jpg,Help,3,80.02
3,stim/wordclouds/concept003_angry_wordcloud6.jpg,Angry,6,85.02
3,stim/wordclouds/concept100_marriage_wordcloud2.jpg,Marriage,2,90.02
3,stim/wordclouds/concept005_applause_wordcloud5.jpg,Applause,5,95.01
3,stim/wordclouds/concept090_king_wordcloud3.jpg,King,3,100.02
3,stim/wordclouds/concept014_beat_wordcloud5.jpg,Beat,5,105.01
3,stim/wordclouds/concept024_burn_wordcloud3.jpg,Burn,3,110.01
3,stim/wordclouds/concept048_device_wordcloud6.jpg,Device,6,115.02
3,stim/wordclouds/concept076_great_wordcloud2.jpg,Great,2,120.01
3,stim/wordclouds/concept148_smiling_wordcloud4.jpg,Smiling,4,125.02
3,stim/wordclouds/concept063_emotion_wordcloud2.jpg,Emotion,2,130.02
3,stim/wordclouds/concept110_nation_wordcloud2.jpg,Nation,2,135.02
3,stim/wordclouds/concept133_road_wordcloud5.jpg,Road,5,140.02
3,stim/wordclouds/concept055_doctor_wordcloud5.jpg,Doctor,5,145.02
3,stim/wordclouds/concept102_mathematical_wordcloud1.jpg,Mathematical,1,150.01
3,stim/wordclouds/concept134_sad_wordcloud1.jpg,Sad,1,155.01
3,stim/wordclouds/concept071_fish_wordcloud6.jpg,Fish,6,160.02
3,stim/wordclouds/concept033_code_wordcloud6.jpg,Code,6,165.02
3,stim/wordclouds/concept058_driver_wordcloud2.jpg,Driver,2,170.01
3,stim/wordclouds/concept153_star_wordcloud1.jpg,Star,1,175.02
3,stim/wordclouds/concept060_election_wordcloud3.jpg,Election,3,180.02
3,stim/wordclouds/concept030_charming_wordcloud4.jpg,Charming,4,185.02
3,stim/wordclouds/concept118_pig_wordcloud5.jpg,Pig,5,190.02
3,stim/wordclouds/concept158_suspect_wordcloud1.jpg,Suspect,1,195.02
3,stim/wordclouds/concept028_challenge_wordcloud3.jpg,Challenge,3,200.01
3,stim/wordclouds/concept078_hair_wordcloud5.jpg,Hair,5,205.02
3,stim/wordclouds/concept103_mechanism_wordcloud2.jpg,Mechanism,2,210.01
3,stim/wordclouds/concept044_dedication_wordcloud4.jpg,Dedication,4,215.01
3,stim/wordclouds/concept101_material_wordcloud5.jpg,Material,5,220.02
3,stim/wordclouds/concept053_disturb_wordcloud2.jpg,Disturb,2,225.0
3,stim/wordclouds/concept167_trial_wordcloud4.jpg,Trial,4,230.02
3,stim/wordclouds/concept151_sound_wordcloud2.jpg,Sound,2,245.01
3,stim/wordclouds/concept056_dog_wordcloud2.jpg,Dog,2,250.02
3,stim/wordclouds/concept165_toy_wordcloud5.jpg,Toy,5,255.02
3,stim/wordclouds/concept023_building_wordcloud5.jpg,Building,5,260.01
3,stim/wordclouds/concept083_impress_wordcloud4.jpg,Impress,4,265.01
3,stim/wordclouds/concept131_religious_wordcloud4.jpg,Religious,4,270.02
3,stim/wordclouds/concept140_shape_wordcloud1.jpg,Shape,1,275.02
3,stim/wordclouds/concept068_extremely_wordcloud1.jpg,Extremely,1,280.02
3,stim/wordclouds/concept041_dance_wordcloud1.jpg,Dance,1,285.02
3,stim/wordclouds/concept097_liar_wordcloud2.jpg,Liar,2,290.02
3,stim/wordclouds/concept004_apartment_wordcloud2.jpg,Apartment,2,295.01
3,stim/wordclouds/concept109_music_wordcloud5.jpg,Music,5,300.02
3,stim/wordclouds/concept034_collection_wordcloud6.jpg,Collection,6,305.01
3,stim/wordclouds/concept096_level_wordcloud1.jpg,Level,1,310.01
3,stim/wordclouds/concept067_experiment_wordcloud4.jpg,Experiment,4,315.02
3,stim/wordclouds/concept171_usable_wordcloud1.jpg,Usable,1,320.01
3,stim/wordclouds/concept042_dangerous_wordcloud4.jpg,Dangerous,4,325.02
3,stim/wordclouds/concept070_fight_wordcloud5.jpg,Fight,5,330.02
3,stim/wordclouds/concept161_team_wordcloud4.jpg,Team,4,335.02
3,stim/wordclouds/concept142_show_wordcloud2.jpg,Show,2,340.02
3,stim/wordclouds/concept010_bag_wordcloud6.jpg,Bag,6,345.02
3,stim/wordclouds/concept137_sell_wordcloud2.jpg,Sell,2,350.01
3,stim/wordclouds/concept126_protection_wordcloud1.jpg,Protection,1,355.01
3,stim/wordclouds/concept123_poor_wordcloud3.jpg,Poor,3,360.02
3,stim/wordclouds/concept062_elegance_wordcloud1.jpg,Elegance,1,365.01
3,stim/wordclouds/concept127_quality_wordcloud3.jpg,Quality,3,370.01
3,stim/wordclouds/concept021_brain_wordcloud2.jpg,Brain,2,375.02
3,stim/wordclouds/concept059_economy_wordcloud2.jpg,Economy,2,380.02
3,stim/wordclouds/concept145_sin_wordcloud3.jpg,Sin,3,385.02
3,stim/wordclouds/concept124_prison_wordcloud1.jpg,Prison,1,390.02
3,stim/wordclouds/concept156_successful_wordcloud5.jpg,Successful,5,395.01
3,stim/wordclouds/concept088_jungle_wordcloud3.jpg,Jungle,3,400.01
3,stim/wordclouds/concept038_counting_wordcloud1.jpg,Counting,1,405.02
3,stim/wordclouds/concept095_left_wordcloud6.jpg,Left,6,410.01
3,stim/wordclouds/concept086_invisible_wordcloud6.jpg,Invisible,6,415.01
3,stim/wordclouds/concept045_deliberately_wordcloud4.jpg,Deliberately,4,420.02
3,stim/wordclouds/concept169_typical_wordcloud4.jpg,Typical,4,425.01
3,stim/wordclouds/concept073_food_wordcloud3.jpg,Food,3,430.02
3,stim/wordclouds/concept017_big_wordcloud6.jpg,Big,6,435.02
3,stim/wordclouds/concept009_attitude_wordcloud5.jpg,Attitude,5,440.02
3,stim/wordclouds/concept173_vacation_wordcloud1.jpg,Vacation,1,445.01
3,stim/wordclouds/concept111_news_wordcloud6.jpg,News,6,450.02
3,stim/wordclouds/concept065_engine_wordcloud5.jpg,Engine,5,455.01
3,stim/wordclouds/concept002_accomplished_wordcloud1.jpg,Accomplished,1,460.01
3,stim/wordclouds/concept141_ship_wordcloud2.jpg,Ship,2,465.02
5,stim/wordclouds/concept114_pain_wordcloud3.jpg,Pain,3,10.01
5,stim/wordclouds/concept081_ignorance_wordcloud2.jpg,Ignorance,2,15.01
5,stim/wordclouds/concept175_wash_wordcloud3.jpg,Wash,3,20.0
5,stim/wordclouds/concept166_tree_wordcloud5.jpg,Tree,5,25.02
5,stim/wordclouds/concept043_deceive_wordcloud4.jpg,Deceive,4,30.02
5,stim/wordclouds/concept104_medication_wordcloud1.jpg,Medication,1,35.02
5,stim/wordclouds/concept122_pleasure_wordcloud3.jpg,Pleasure,3,40.01
5,stim/wordclouds/concept049_dig_wordcloud2.jpg,Dig,2,45.01
5,stim/wordclouds/concept031_clothes_wordcloud5.jpg,Clothes,5,50.01
5,stim/wordclouds/concept008_art_wordcloud4.jpg,Art,4,55.01
5,stim/wordclouds/concept054_do_wordcloud5.jpg,Do,5,60.01
5,stim/wordclouds/concept152_spoke_wordcloud5.jpg,Spoke,5,65.02
5,stim/wordclouds/concept029_charity_wordcloud2.jpg,Charity,2,70.02
5,stim/wordclouds/concept052_dissolve_wordcloud3.jpg,Dissolve,3,75.02
5,stim/wordclouds/concept128_reaction_wordcloud1.jpg,Reaction,1,80.02
5,stim/wordclouds/concept084_invention_wordcloud2.jpg,Invention,2,85.02
5,stim/wordclouds/concept087_job_wordcloud6.jpg,Job,6,90.01
5,stim/wordclouds/concept119_plan_wordcloud6.jpg,Plan,6,95.02
5,stim/wordclouds/concept116_philosophy_wordcloud2.jpg,Philosophy,2,100.01
5,stim/wordclouds/concept176_weak_wordcloud1.jpg,Weak,1,105.01
5,stim/wordclouds/concept121_play_wordcloud3.jpg,Play,3,110.02
5,stim/wordclouds/concept012_bar_wordcloud2.jpg,Bar,2,115.01
5,stim/wordclouds/concept138_sew_wordcloud6.jpg,Sew,6,120.01
5,stim/wordclouds/concept018_bird_wordcloud1.jpg,Bird,1,125.02
5,stim/wordclouds/concept149_solution_wordcloud4.jpg,Solution,4,130.02
5,stim/wordclouds/concept032_cockroach_wordcloud5.jpg,Cockroach,5,135.02
5,stim/wordclouds/concept132_residence_wordcloud6.jpg,Residence,6,140.02
5,stim/wordclouds/concept146_skin_wordcloud4.jpg,Skin,4,145.01
5,stim/wordclouds/concept037_cook_wordcloud4.jpg,Cook,4,150.01
5,stim/wordclouds/concept093_laugh_wordcloud3.jpg,Laugh,3,155.02
5,stim/wordclouds/concept105_money_wordcloud6.jpg,Money,6,160.01
5,stim/wordclouds/concept117_picture_wordcloud5.jpg,Picture,5,165.01
5,stim/wordclouds/concept159_table_wordcloud5.jpg,Table,5,170.02
5,stim/wordclouds/concept113_obligation_wordcloud1.jpg,Obligation,1,175.02
5,stim/wordclouds/concept050_dinner_wordcloud2.jpg,Dinner,2,180.02
5,stim/wordclouds/concept020_body_wordcloud4.jpg,Body,4,185.02
5,stim/wordclouds/concept112_noise_wordcloud3.jpg,Noise,3,190.02
5,stim/wordclouds/concept157_sugar_wordcloud6.jpg,Sugar,6,195.01
5,stim/wordclouds/concept178_weather_wordcloud6.jpg,Weather,6,200.02
5,stim/wordclouds/concept125_professional_wordcloud4.jpg,Professional,4,205.01
5,stim/wordclouds/concept013_bear_wordcloud2.jpg,Bear,2,210.01
5,stim/wordclouds/concept108_movie_wordcloud4.jpg,Movie,4,215.02
5,stim/wordclouds/concept051_disease_wordcloud5.jpg,Disease,5,220.02
5,stim/wordclouds/concept075_gold_wordcloud5.jpg,Gold,5,225.02
5,stim/wordclouds/concept064_emotionally_wordcloud1.jpg,Emotionally,1,230.02
5,stim/wordclouds/concept180_word_wordcloud2.jpg,Word,2,245.02
5,stim/wordclouds/concept011_ball_wordcloud6.jpg,Ball,6,250.01
5,stim/wordclouds/concept170_unaware_wordcloud4.jpg,Unaware,4,255.01
5,stim/wordclouds/concept039_crazy_wordcloud4.jpg,Crazy,4,260.02
5,stim/wordclouds/concept120_plant_wordcloud4.jpg,Plant,4,265.01
5,stim/wordclouds/concept089_kindness_wordcloud2.jpg,Kindness,2,270.02
5,stim/wordclouds/concept061_electron_wordcloud4.jpg,Electron,4,275.02
5,stim/wordclouds/concept007_argumentatively_wordcloud6.jpg,Argumentatively,6,280.02
5,stim/wordclouds/concept144_silly_wordcloud1.jpg,Silly,1,285.02
5,stim/wordclouds/concept072_flow_wordcloud6.jpg,Flow,6,290.02
5,stim/wordclouds/concept035_computer_wordcloud6.jpg,Computer,6,295.01
5,stim/wordclouds/concept160_taste_wordcloud3.jpg,Taste,3,300.01
5,stim/wordclouds/concept106_mountain_wordcloud3.jpg,Mountain,3,305.02
5,stim/wordclouds/concept091_lady_wordcloud4.jpg,Lady,4,310.01
5,stim/wordclouds/concept074_garbage_wordcloud1.jpg,Garbage,1,315.01
5,stim/wordclouds/concept025_business_wordcloud5.jpg,Business,5,320.02
5,stim/wordclouds/concept099_magic_wordcloud2.jpg,Magic,2,325.02
5,stim/wordclouds/concept085_investigation_wordcloud3.jpg,Investigation,3,330.02
5,stim/wordclouds/concept168_tried_wordcloud6.jpg,Tried,6,335.02
5,stim/wordclouds/concept001_ability_wordcloud3.jpg,Ability,3,340.01
5,stim/wordclouds/concept069_feeling_wordcloud3.jpg,Feeling,3,345.01
5,stim/wordclouds/concept150_soul_wordcloud6.jpg,Soul,6,350.02
5,stim/wordclouds/concept172_useless_wordcloud6.jpg,Useless,6,355.01
5,stim/wordclouds/concept154_student_wordcloud3.jpg,Student,3,360.01
5,stim/wordclouds/concept107_movement_wordcloud4.jpg,Movement,4,365.02
5,stim/wordclouds/concept080_hurting_wordcloud6.jpg,Hurting,6,370.01
5,stim/wordclouds/concept026_camera_wordcloud6.jpg,Camera,6,375.02
5,stim/wordclouds/concept174_war_wordcloud6.jpg,War,6,380.02
5,stim/wordclouds/concept036_construction_wordcloud1.jpg,Construction,1,385.02
5,stim/wordclouds/concept006_argument_wordcloud3.jpg,Argument,3,390.01
5,stim/wordclouds/concept177_wear_wordcloud1.jpg,Wear,1,395.02
5,stim/wordclouds/concept027_carefully_wordcloud1.jpg,Carefully,1,400.01
5,stim/wordclouds/concept022_broken_wordcloud1.jpg,Broken,1,405.01
5,stim/wordclouds/concept129_read_wordcloud5.jpg,Read,5,410.02
5,stim/wordclouds/concept077_gun_wordcloud4.jpg,Gun,4,415.01
5,stim/wordclouds/concept179_willingly_wordcloud2.jpg,Willingly,2,420.02
5,stim/wordclouds/concept057_dressing_wordcloud5.jpg,Dressing,5,425.02
5,stim/wordclouds/concept155_stupid_wordcloud5.jpg,Stupid,5,430.02
5,stim/wordclouds/concept163_time_wordcloud5.jpg,Time,5,435.02
5,stim/wordclouds/concept164_tool_wordcloud2.jpg,Tool,2,440.02
5,stim/wordclouds/concept094_law_wordcloud3.jpg,Law,3,445.01
5,stim/wordclouds/concept162_texture_wordcloud5.jpg,Texture,5,450.01
5,stim/wordclouds/concept019_blood_wordcloud6.jpg,Blood,6,455.02
5,stim/wordclouds/concept066_event_wordcloud2.jpg,Event,2,460.02
5,stim/wordclouds/concept147_smart_wordcloud2.jpg,Smart,2,465.01
7,stim/wordclouds/concept024_burn_wordcloud5.jpg,Burn,5,10.02
7,stim/wordclouds/concept115_personality_wordcloud4.jpg,Personality,4,15.01
7,stim/wordclouds/concept120_plant_wordcloud3.jpg,Plant,3,20.01
7,stim/wordclouds/concept091_lady_wordcloud5.jpg,Lady,5,25.02
7,stim/wordclouds/concept035_computer_wordcloud4.jpg,Computer,4,30.01
7,stim/wordclouds/concept102_mathematical_wordcloud4.jpg,Mathematical,4,35.01
7,stim/wordclouds/concept011_ball_wordcloud5.jpg,Ball,5,40.02
7,stim/wordclouds/concept113_obligation_wordcloud2.jpg,Obligation,2,45.02
7,stim/wordclouds/concept121_play_wordcloud5.jpg,Play,5,50.02
7,stim/wordclouds/concept077_gun_wordcloud2.jpg,Gun,2,55.02
7,stim/wordclouds/concept088_jungle_wordcloud2.jpg,Jungle,2,60.01
7,stim/wordclouds/concept126_protection_wordcloud5.jpg,Protection,5,65.01
7,stim/wordclouds/concept119_plan_wordcloud2.jpg,Plan,2,70.01
7,stim/wordclouds/concept107_movement_wordcloud1.jpg,Movement,1,75.01
7,stim/wordclouds/concept058_driver_wordcloud1.jpg,Driver,1,80.01
7,stim/wordclouds/concept131_religious_wordcloud1.jpg,Religious,1,85.02
7,stim/wordclouds/concept127_quality_wordcloud6.jpg,Quality,6,90.02
7,stim/wordclouds/concept017_big_wordcloud3.jpg,Big,3,95.02
7,stim/wordclouds/concept046_delivery_wordcloud2.jpg,Delivery,2,100.02
7,stim/wordclouds/concept082_illness_wordcloud4.jpg,Illness,4,105.01
7,stim/wordclouds/concept133_road_wordcloud2.jpg,Road,2,110.01
7,stim/wordclouds/concept155_stupid_wordcloud3.jpg,Stupid,3,115.02
7,stim/wordclouds/concept056_dog_wordcloud4.jpg,Dog,4,120.01
7,stim/wordclouds/concept148_smiling_wordcloud6.jpg,Smiling,6,125.01
7,stim/wordclouds/concept167_trial_wordcloud6.jpg,Trial,6,130.02
7,stim/wordclouds/concept122_pleasure_wordcloud1.jpg,Pleasure,1,135.02
7,stim/wordclouds/concept178_weather_wordcloud3.jpg,Weather,3,140.02
7,stim/wordclouds/concept028_challenge_wordcloud6.jpg,Challenge,6,145.02
7,stim/wordclouds/concept045_deliberately_wordcloud2.jpg,Deliberately,2,150.02
7,stim/wordclouds/concept151_sound_wordcloud1.jpg,Sound,1,155.01
7,stim/wordclouds/concept002_accomplished_wordcloud4.jpg,Accomplished,4,160.02
7,stim/wordclouds/concept177_wear_wordcloud4.jpg,Wear,4,165.01
7,stim/wordclouds/concept032_cockroach_wordcloud4.jpg,Cockroach,4,170.01
7,stim/wordclouds/concept083_impress_wordcloud2.jpg,Impress,2,175.02
7,stim/wordclouds/concept100_marriage_wordcloud3.jpg,Marriage,3,180.01
7,stim/wordclouds/concept136_seafood_wordcloud5.jpg,Seafood,5,185.01
7,stim/wordclouds/concept029_charity_wordcloud5.jpg,Charity,5,190.02
7,stim/wordclouds/concept079_help_wordcloud6.jpg,Help,6,195.02
7,stim/wordclouds/concept074_garbage_wordcloud4.jpg,Garbage,4,200.02
7,stim/wordclouds/concept169_typical_wordcloud6.jpg,Typical,6,205.02
7,stim/wordclouds/concept042_dangerous_wordcloud5.jpg,Dangerous,5,210.01
7,stim/wordclouds/concept114_pain_wordcloud6.jpg,Pain,6,215.01
7,stim/wordclouds/concept166_tree_wordcloud2.jpg,Tree,2,220.02
7,stim/wordclouds/concept068_extremely_wordcloud5.jpg,Extremely,5,225.01
7,stim/wordclouds/concept160_taste_wordcloud5.jpg,Taste,5,230.01
7,stim/wordclouds/concept168_tried_wordcloud5.jpg,Tried,5,245.02
7,stim/wordclouds/concept036_construction_wordcloud5.jpg,Construction,5,250.02
7,stim/wordclouds/concept140_shape_wordcloud3.jpg,Shape,3,255.01
7,stim/wordclouds/concept179_willingly_wordcloud6.jpg,Willingly,6,260.01
7,stim/wordclouds/concept163_time_wordcloud4.jpg,Time,4,265.02
7,stim/wordclouds/concept164_tool_wordcloud3.jpg,Tool,3,270.01
7,stim/wordclouds/concept078_hair_wordcloud3.jpg,Hair,3,275.01
7,stim/wordclouds/concept013_bear_wordcloud1.jpg,Bear,1,280.02
7,stim/wordclouds/concept025_business_wordcloud3.jpg,Business,3,285.01
7,stim/wordclouds/concept170_unaware_wordcloud1.jpg,Unaware,1,290.02
7,stim/wordclouds/concept080_hurting_wordcloud3.jpg,Hurting,3,295.02
7,stim/wordclouds/concept157_sugar_wordcloud1.jpg,Sugar,1,300.02
7,stim/wordclouds/concept064_emotionally_wordcloud5.jpg,Emotionally,5,305.02
7,stim/wordclouds/concept111_news_wordcloud5.jpg,News,5,310.02
7,stim/wordclouds/concept156_successful_wordcloud6.jpg,Successful,6,315.01
7,stim/wordclouds/concept085_investigation_wordcloud6.jpg,Investigation,6,320.01
7,stim/wordclouds/concept004_apartment_wordcloud1.jpg,Apartment,1,325.02
7,stim/wordclouds/concept021_brain_wordcloud6.jpg,Brain,6,330.01
7,stim/wordclouds/concept052_dissolve_wordcloud2.jpg,Dissolve,2,335.02
7,stim/wordclouds/concept159_table_wordcloud2.jpg,Table,2,340.02
7,stim/wordclouds/concept065_engine_wordcloud1.jpg,Engine,1,345.02
7,stim/wordclouds/concept020_body_wordcloud6.jpg,Body,6,350.02
7,stim/wordclouds/concept152_spoke_wordcloud3.jpg,Spoke,3,355.02
7,stim/wordclouds/concept149_solution_wordcloud5.jpg,Solution,5,360.01
7,stim/wordclouds/concept022_broken_wordcloud3.jpg,Broken,3,365.01
7,stim/wordclouds/concept110_nation_wordcloud5.jpg,Nation,5,370.02
7,stim/wordclouds/concept153_star_wordcloud3.jpg,Star,3,375.01
7,stim/wordclouds/concept142_show_wordcloud3.jpg,Show,3,380.01
7,stim/wordclouds/concept093_laugh_wordcloud5.jpg,Laugh,5,385.02
7,stim/wordclouds/concept125_professional_wordcloud3.jpg,Professional,3,390.02
7,stim/wordclouds/concept037_cook_wordcloud6.jpg,Cook,6,395.02
7,stim/wordclouds/concept061_electron_wordcloud1.jpg,Electron,1,400.02
7,stim/wordclouds/concept123_poor_wordcloud2.jpg,Poor,2,405.02
7,stim/wordclouds/concept138_sew_wordcloud4.jpg,Sew,4,410.01
7,stim/wordclouds/concept030_charming_wordcloud3.jpg,Charming,3,415.02
7,stim/wordclouds/concept146_skin_wordcloud2.jpg,Skin,2,420.01
7,stim/wordclouds/concept033_code_wordcloud5.jpg,Code,5,425.01
7,stim/wordclouds/concept014_beat_wordcloud2.jpg,Beat,2,430.02
7,stim/wordclouds/concept147_smart_wordcloud4.jpg,Smart,4,435.02
7,stim/wordclouds/concept050_dinner_wordcloud6.jpg,Dinner,6,440.02
7,stim/wordclouds/concept071_fish_wordcloud2.jpg,Fish,2,445.02
7,stim/wordclouds/concept094_law_wordcloud2.jpg,Law,2,450.02
7,stim/wordclouds/concept016_beer_wordcloud5.jpg,Beer,5,455.02
7,stim/wordclouds/concept124_prison_wordcloud2.jpg,Prison,2,460.02
7,stim/wordclouds/concept143_sign_wordcloud5.jpg,Sign,5,465.02
9,stim/wordclouds/concept072_flow_wordcloud4.jpg,Flow,4,10.02
9,stim/wordclouds/concept150_soul_wordcloud1.jpg,Soul,1,15.01
9,stim/wordclouds/concept034_collection_wordcloud4.jpg,Collection,4,20.01
9,stim/wordclouds/concept081_ignorance_wordcloud4.jpg,Ignorance,4,25.02
9,stim/wordclouds/concept141_ship_wordcloud4.jpg,Ship,4,30.02
9,stim/wordclouds/concept095_left_wordcloud5.jpg,Left,5,35.02
9,stim/wordclouds/concept043_deceive_wordcloud1.jpg,Deceive,1,40.02
9,stim/wordclouds/concept135_science_wordcloud5.jpg,Science,5,45.02
9,stim/wordclouds/concept059_economy_wordcloud5.jpg,Economy,5,50.01
9,stim/wordclouds/concept109_music_wordcloud6.jpg,Music,6,55.02
9,stim/wordclouds/concept144_silly_wordcloud6.jpg,Silly,6,60.01
9,stim/wordclouds/concept139_sexy_wordcloud1.jpg,Sexy,1,65.01
9,stim/wordclouds/concept049_dig_wordcloud1.jpg,Dig,1,70.02
9,stim/wordclouds/concept005_applause_wordcloud3.jpg,Applause,3,75.01
9,stim/wordclouds/concept069_feeling_wordcloud4.jpg,Feeling,4,80.02
9,stim/wordclouds/concept075_gold_wordcloud3.jpg,Gold,3,85.02
9,stim/wordclouds/concept009_attitude_wordcloud3.jpg,Attitude,3,90.02
9,stim/wordclouds/concept089_kindness_wordcloud5.jpg,Kindness,5,95.02
9,stim/wordclouds/concept174_war_wordcloud4.jpg,War,4,100.02
9,stim/wordclouds/concept007_argumentatively_wordcloud4.jpg,Argumentatively,4,105.01
9,stim/wordclouds/concept054_do_wordcloud6.jpg,Do,6,110.01
9,stim/wordclouds/concept129_read_wordcloud2.jpg,Read,2,115.02
9,stim/wordclouds/concept073_food_wordcloud5.jpg,Food,5,120.01
9,stim/wordclouds/concept039_crazy_wordcloud1.jpg,Crazy,1,125.01
9,stim/wordclouds/concept172_useless_wordcloud3.jpg,Useless,3,130.02
9,stim/wordclouds/concept026_camera_wordcloud5.jpg,Camera,5,135.02
9,stim/wordclouds/concept001_ability_wordcloud2.jpg,Ability,2,140.02
9,stim/wordclouds/concept132_residence_wordcloud2.jpg,Residence,2,145.02
9,stim/wordclouds/concept098_light_wordcloud1.jpg,Light,1,150.01
9,stim/wordclouds/concept047_dessert_wordcloud3.jpg,Dessert,3,155.01
9,stim/wordclouds/concept103_mechanism_wordcloud4.jpg,Mechanism,4,160.02
9,stim/wordclouds/concept175_wash_wordcloud1.jpg,Wash,1,165.01
9,stim/wordclouds/concept128_reaction_wordcloud2.jpg,Reaction,2,170.01
9,stim/wordclouds/concept099_magic_wordcloud1.jpg,Magic,1,175.02
9,stim/wordclouds/concept008_art_wordcloud6.jpg,Art,6,180.02
9,stim/wordclouds/concept117_picture_wordcloud2.jpg,Picture,2,185.02
9,stim/wordclouds/concept145_sin_wordcloud6.jpg,Sin,6,190.02
9,stim/wordclouds/concept060_election_wordcloud1.jpg,Election,1,195.02
9,stim/wordclouds/concept070_fight_wordcloud6.jpg,Fight,6,200.01
9,stim/wordclouds/concept171_usable_wordcloud5.jpg,Usable,5,205.02
9,stim/wordclouds/concept055_doctor_wordcloud6.jpg,Doctor,6,210.01
9,stim/wordclouds/concept180_word_wordcloud3.jpg,Word,3,215.01
9,stim/wordclouds/concept173_vacation_wordcloud5.jpg,Vacation,5,220.02
9,stim/wordclouds/concept038_counting_wordcloud2.jpg,Counting,2,225.01
9,stim/wordclouds/concept019_blood_wordcloud5.jpg,Blood,5,230.02
9,stim/wordclouds/concept076_great_wordcloud1.jpg,Great,1,245.02
9,stim/wordclouds/concept057_dressing_wordcloud2.jpg,Dressing,2,250.02
9,stim/wordclouds/concept116_philosophy_wordcloud6.jpg,Philosophy,6,255.01
9,stim/wordclouds/concept154_student_wordcloud2.jpg,Student,2,260.01
9,stim/wordclouds/concept158_suspect_wordcloud2.jpg,Suspect,2,265.02
9,stim/wordclouds/concept062_elegance_wordcloud2.jpg,Elegance,2,270.01
9,stim/wordclouds/concept010_bag_wordcloud2.jpg,Bag,2,275.01
9,stim/wordclouds/concept003_angry_wordcloud1.jpg,Angry,1,280.02
9,stim/wordclouds/concept137_sell_wordcloud1.jpg,Sell,1,285.02
9,stim/wordclouds/concept066_event_wordcloud6.jpg,Event,6,290.02
9,stim/wordclouds/concept106_mountain_wordcloud6.jpg,Mountain,6,295.02
9,stim/wordclouds/concept015_bed_wordcloud3.jpg,Bed,3,300.01
9,stim/wordclouds/concept108_movie_wordcloud3.jpg,Movie,3,305.01
9,stim/wordclouds/concept053_disturb_wordcloud3.jpg,Disturb,3,310.01
9,stim/wordclouds/concept027_carefully_wordcloud2.jpg,Carefully,2,315.01
9,stim/wordclouds/concept048_device_wordcloud3.jpg,Device,3,320.01
9,stim/wordclouds/concept084_invention_wordcloud3.jpg,Invention,3,325.01
9,stim/wordclouds/concept096_level_wordcloud3.jpg,Level,3,330.0
9,stim/wordclouds/concept092_land_wordcloud3.jpg,Land,3,335.02
9,stim/wordclouds/concept165_toy_wordcloud6.jpg,Toy,6,340.02
9,stim/wordclouds/concept104_medication_wordcloud6.jpg,Medication,6,345.02
9,stim/wordclouds/concept134_sad_wordcloud3.jpg,Sad,3,350.01
9,stim/wordclouds/concept012_bar_wordcloud5.jpg,Bar,5,355.01
9,stim/wordclouds/concept097_liar_wordcloud5.jpg,Liar,5,360.02
9,stim/wordclouds/concept105_money_wordcloud3.jpg,Money,3,365.01
9,stim/wordclouds/concept041_dance_wordcloud5.jpg,Dance,5,370.01
9,stim/wordclouds/concept051_disease_wordcloud3.jpg,Disease,3,375.02
9,stim/wordclouds/concept018_bird_wordcloud6.jpg,Bird,6,380.01
9,stim/wordclouds/concept040_damage_wordcloud4.jpg,Damage,4,385.02
9,stim/wordclouds/concept086_invisible_wordcloud4.jpg,Invisible,4,390.02
9,stim/wordclouds/concept023_building_wordcloud6.jpg,Building,6,395.02
9,stim/wordclouds/concept162_texture_wordcloud6.jpg,Texture,6,400.01
9,stim/wordclouds/concept067_experiment_wordcloud1.jpg,Experiment,1,405.02
9,stim/wordclouds/concept118_pig_wordcloud3.jpg,Pig,3,410.01
9,stim/wordclouds/concept031_clothes_wordcloud4.jpg,Clothes,4,415.01
9,stim/wordclouds/concept087_job_wordcloud2.jpg,Job,2,420.02
9,stim/wordclouds/concept006_argument_wordcloud4.jpg,Argument,4,425.01
9,stim/wordclouds/concept112_noise_wordcloud1.jpg,Noise,1,430.02
9,stim/wordclouds/concept101_material_wordcloud3.jpg,Material,3,435.02
9,stim/wordclouds/concept176_weak_wordcloud6.jpg,Weak,6,440.02
9,stim/wordclouds/concept130_relationship_wordcloud1.jpg,Relationship,1,445.02
9,stim/wordclouds/concept063_emotion_wordcloud6.jpg,Emotion,6,450.02
9,stim/wordclouds/concept044_dedication_wordcloud1.jpg,Dedication,1,455.01
9,stim/wordclouds/concept161_team_wordcloud3.jpg,Team,3,460.01
9,stim/wordclouds/concept090_king_wordcloud6.jpg,King,6,465.02
11,stim/wordclouds/concept084_invention_wordcloud5.jpg,Invention,5,10.02
11,stim/wordclouds/concept139_sexy_wordcloud2.jpg,Sexy,2,15.02
11,stim/wordclouds/concept021_brain_wordcloud1.jpg,Brain,1,20.02
11,stim/wordclouds/concept173_vacation_wordcloud6.jpg,Vacation,6,25.02
11,stim/wordclouds/concept092_land_wordcloud1.jpg,Land,1,30.01
11,stim/wordclouds/concept120_plant_wordcloud6.jpg,Plant,6,35.01
11,stim/wordclouds/concept007_argumentatively_wordcloud2.jpg,Argumentatively,2,40.02
11,stim/wordclouds/concept006_argument_wordcloud6.jpg,Argument,6,45.01
11,stim/wordclouds/concept101_material_wordcloud2.jpg,Material,2,50.01
11,stim/wordclouds/concept119_plan_wordcloud3.jpg,Plan,3,55.02
11,stim/wordclouds/concept124_prison_wordcloud4.jpg,Prison,4,60.01
11,stim/wordclouds/concept031_clothes_wordcloud3.jpg,Clothes,3,65.02
11,stim/wordclouds/concept143_sign_wordcloud1.jpg,Sign,1,70.02
11,stim/wordclouds/concept145_sin_wordcloud4.jpg,Sin,4,75.02
11,stim/wordclouds/concept110_nation_wordcloud4.jpg,Nation,4,80.01
11,stim/wordclouds/concept142_show_wordcloud5.jpg,Show,5,85.02
11,stim/wordclouds/concept012_bar_wordcloud3.jpg,Bar,3,90.01
11,stim/wordclouds/concept024_burn_wordcloud4.jpg,Burn,4,95.01
11,stim/wordclouds/concept138_sew_wordcloud2.jpg,Sew,2,100.02
11,stim/wordclouds/concept034_collection_wordcloud3.jpg,Collection,3,105.01
11,stim/wordclouds/concept078_hair_wordcloud6.jpg,Hair,6,110.01
11,stim/wordclouds/concept174_war_wordcloud2.jpg,War,2,115.02
11,stim/wordclouds/concept050_dinner_wordcloud5.jpg,Dinner,5,120.02
11,stim/wordclouds/concept040_damage_wordcloud3.jpg,Damage,3,125.02
11,stim/wordclouds/concept135_science_wordcloud4.jpg,Science,4,130.02
11,stim/wordclouds/concept025_business_wordcloud2.jpg,Business,2,135.01
11,stim/wordclouds/concept103_mechanism_wordcloud1.jpg,Mechanism,1,140.01
11,stim/wordclouds/concept082_illness_wordcloud6.jpg,Illness,6,145.02
11,stim/wordclouds/concept154_student_wordcloud6.jpg,Student,6,150.01
11,stim/wordclouds/concept149_solution_wordcloud6.jpg,Solution,6,155.01
11,stim/wordclouds/concept159_table_wordcloud4.jpg,Table,4,160.02
11,stim/wordclouds/concept161_team_wordcloud5.jpg,Team,5,165.02
11,stim/wordclouds/concept144_silly_wordcloud2.jpg,Silly,2,170.02
11,stim/wordclouds/concept109_music_wordcloud1.jpg,Music,1,175.02
11,stim/wordclouds/concept081_ignorance_wordcloud1.jpg,Ignorance,1,180.01
11,stim/wordclouds/concept017_big_wordcloud1.jpg,Big,1,185.01
11,stim/wordclouds/concept113_obligation_wordcloud3.jpg,Obligation,3,190.02
11,stim/wordclouds/concept045_deliberately_wordcloud5.jpg,Deliberately,5,195.01
11,stim/wordclouds/concept131_religious_wordcloud5.jpg,Religious,5,200.01
11,stim/wordclouds/concept010_bag_wordcloud5.jpg,Bag,5,205.02
11,stim/wordclouds/concept097_liar_wordcloud6.jpg,Liar,6,210.02
11,stim/wordclouds/concept130_relationship_wordcloud2.jpg,Relationship,2,215.02
11,stim/wordclouds/concept177_wear_wordcloud5.jpg,Wear,5,220.02
11,stim/wordclouds/concept072_flow_wordcloud2.jpg,Flow,2,225.02
11,stim/wordclouds/concept061_electron_wordcloud2.jpg,Electron,2,230.01
11,stim/wordclouds/concept164_tool_wordcloud1.jpg,Tool,1,245.01
11,stim/wordclouds/concept152_spoke_wordcloud6.jpg,Spoke,6,250.02
11,stim/wordclouds/concept011_ball_wordcloud2.jpg,Ball,2,255.01
11,stim/wordclouds/concept157_sugar_wordcloud4.jpg,Sugar,4,260.02
11,stim/wordclouds/concept136_seafood_wordcloud4.jpg,Seafood,4,265.02
11,stim/wordclouds/concept105_money_wordcloud4.jpg,Money,4,270.02
11,stim/wordclouds/concept167_trial_wordcloud1.jpg,Trial,1,275.02
11,stim/wordclouds/concept057_dressing_wordcloud6.jpg,Dressing,6,280.02
11,stim/wordclouds/concept146_skin_wordcloud3.jpg,Skin,3,285.01
11,stim/wordclouds/concept004_apartment_wordcloud6.jpg,Apartment,6,290.01
11,stim/wordclouds/concept170_unaware_wordcloud6.jpg,Unaware,6,295.02
11,stim/wordclouds/concept102_mathematical_wordcloud5.jpg,Mathematical,5,300.01
11,stim/wordclouds/concept114_pain_wordcloud5.jpg,Pain,5,305.01
11,stim/wordclouds/concept036_construction_wordcloud4.jpg,Construction,4,310.02
11,stim/wordclouds/concept104_medication_wordcloud4.jpg,Medication,4,315.02
11,stim/wordclouds/concept015_bed_wordcloud4.jpg,Bed,4,320.02
11,stim/wordclouds/concept064_emotionally_wordcloud4.jpg,Emotionally,4,325.02
11,stim/wordclouds/concept035_computer_wordcloud2.jpg,Computer,2,330.01
11,stim/wordclouds/concept125_professional_wordcloud6.jpg,Professional,6,335.01
11,stim/wordclouds/concept176_weak_wordcloud2.jpg,Weak,2,340.02
11,stim/wordclouds/concept118_pig_wordcloud6.jpg,Pig,6,345.01
11,stim/wordclouds/concept086_invisible_wordcloud5.jpg,Invisible,5,350.01
11,stim/wordclouds/concept162_texture_wordcloud4.jpg,Texture,4,355.02
11,stim/wordclouds/concept163_time_wordcloud6.jpg,Time,6,360.01
11,stim/wordclouds/concept148_smiling_wordcloud2.jpg,Smiling,2,365.02
11,stim/wordclouds/concept023_building_wordcloud4.jpg,Building,4,370.02
11,stim/wordclouds/concept008_art_wordcloud3.jpg,Art,3,375.02
11,stim/wordclouds/concept096_level_wordcloud2.jpg,Level,2,380.01
11,stim/wordclouds/concept165_toy_wordcloud3.jpg,Toy,3,385.02
11,stim/wordclouds/concept042_dangerous_wordcloud2.jpg,Dangerous,2,390.01
11,stim/wordclouds/concept137_sell_wordcloud6.jpg,Sell,6,395.01
11,stim/wordclouds/concept080_hurting_wordcloud5.jpg,Hurting,5,400.02
11,stim/wordclouds/concept090_king_wordcloud1.jpg,King,1,405.01
11,stim/wordclouds/concept079_help_wordcloud2.jpg,Help,2,410.02
11,stim/wordclouds/concept083_impress_wordcloud3.jpg,Impress,3,415.02
11,stim/wordclouds/concept171_usable_wordcloud6.jpg,Usable,6,420.02
11,stim/wordclouds/concept048_device_wordcloud2.jpg,Device,2,425.02
11,stim/wordclouds/concept067_experiment_wordcloud6.jpg,Experiment,6,430.02
11,stim/wordclouds/concept051_disease_wordcloud4.jpg,Disease,4,435.01
11,stim/wordclouds/concept073_food_wordcloud2.jpg,Food,2,440.01
11,stim/wordclouds/concept088_jungle_wordcloud6.jpg,Jungle,6,445.02
11,stim/wordclouds/concept053_disturb_wordcloud5.jpg,Disturb,5,450.02
11,stim/wordclouds/concept150_soul_wordcloud3.jpg,Soul,3,455.02
11,stim/wordclouds/concept059_economy_wordcloud4.jpg,Economy,4,460.02
11,stim/wordclouds/concept049_dig_wordcloud5.jpg,Dig,5,465.02
13,stim/wordclouds/concept001_ability_wordcloud6.jpg,Ability,6,10.01
13,stim/wordclouds/concept026_camera_wordcloud4.jpg,Camera,4,15.02
13,stim/wordclouds/concept108_movie_wordcloud2.jpg,Movie,2,20.02
13,stim/wordclouds/concept020_body_wordcloud5.jpg,Body,5,25.02
13,stim/wordclouds/concept075_gold_wordcloud2.jpg,Gold,2,30.02
13,stim/wordclouds/concept147_smart_wordcloud5.jpg,Smart,5,35.01
13,stim/wordclouds/concept003_angry_wordcloud3.jpg,Angry,3,40.01
13,stim/wordclouds/concept039_crazy_wordcloud5.jpg,Crazy,5,45.02
13,stim/wordclouds/concept014_beat_wordcloud6.jpg,Beat,6,50.01
13,stim/wordclouds/concept128_reaction_wordcloud6.jpg,Reaction,6,55.01
13,stim/wordclouds/concept175_wash_wordcloud5.jpg,Wash,5,60.02
13,stim/wordclouds/concept063_emotion_wordcloud4.jpg,Emotion,4,65.0
13,stim/wordclouds/concept127_quality_wordcloud2.jpg,Quality,2,70.02
13,stim/wordclouds/concept047_dessert_wordcloud6.jpg,Dessert,6,75.02
13,stim/wordclouds/concept106_mountain_wordcloud4.jpg,Mountain,4,80.02
13,stim/wordclouds/concept076_great_wordcloud4.jpg,Great,4,85.01
13,stim/wordclouds/concept166_tree_wordcloud3.jpg,Tree,3,90.02
13,stim/wordclouds/concept005_applause_wordcloud2.jpg,Applause,2,95.01
13,stim/wordclouds/concept085_investigation_wordcloud5.jpg,Investigation,5,100.01
13,stim/wordclouds/concept099_magic_wordcloud4.jpg,Magic,4,105.02
13,stim/wordclouds/concept160_taste_wordcloud6.jpg,Taste,6,110.01
13,stim/wordclouds/concept111_news_wordcloud4.jpg,News,4,115.02
13,stim/wordclouds/concept065_engine_wordcloud3.jpg,Engine,3,120.02
13,stim/wordclouds/concept044_dedication_wordcloud3.jpg,Dedication,3,125.02
13,stim/wordclouds/concept178_weather_wordcloud1.jpg,Weather,1,130.02
13,stim/wordclouds/concept066_event_wordcloud5.jpg,Event,5,135.02
13,stim/wordclouds/concept123_poor_wordcloud6.jpg,Poor,6,140.02
13,stim/wordclouds/concept129_read_wordcloud1.jpg,Read,1,145.01
13,stim/wordclouds/concept133_road_wordcloud4.jpg,Road,4,150.02
13,stim/wordclouds/concept100_marriage_wordcloud1.jpg,Marriage,1,155.02
13,stim/wordclouds/concept019_blood_wordcloud4.jpg,Blood,4,160.01
13,stim/wordclouds/concept037_cook_wordcloud2.jpg,Cook,2,165.02
13,stim/wordclouds/concept018_bird_wordcloud5.jpg,Bird,5,170.02
13,stim/wordclouds/concept033_code_wordcloud3.jpg,Code,3,175.02
13,stim/wordclouds/concept155_stupid_wordcloud2.jpg,Stupid,2,180.02
13,stim/wordclouds/concept116_philosophy_wordcloud1.jpg,Philosophy,1,185.01
13,stim/wordclouds/concept091_lady_wordcloud3.jpg,Lady,3,190.01
13,stim/wordclouds/concept074_garbage_wordcloud6.jpg,Garbage,6,195.02
13,stim/wordclouds/concept134_sad_wordcloud6.jpg,Sad,6,200.02
13,stim/wordclouds/concept069_feeling_wordcloud5.jpg,Feeling,5,205.01
13,stim/wordclouds/concept013_bear_wordcloud6.jpg,Bear,6,210.02
13,stim/wordclouds/concept151_sound_wordcloud3.jpg,Sound,3,215.0
13,stim/wordclouds/concept122_pleasure_wordcloud2.jpg,Pleasure,2,220.02
13,stim/wordclouds/concept071_fish_wordcloud5.jpg,Fish,5,225.02
13,stim/wordclouds/concept140_shape_wordcloud2.jpg,Shape,2,230.02
13,stim/wordclouds/concept028_challenge_wordcloud2.jpg,Challenge,2,245.02
13,stim/wordclouds/concept022_broken_wordcloud6.jpg,Broken,6,250.01
13,stim/wordclouds/concept117_picture_wordcloud3.jpg,Picture,3,255.01
13,stim/wordclouds/concept121_play_wordcloud1.jpg,Play,1,260.02
13,stim/wordclouds/concept126_protection_wordcloud6.jpg,Protection,6,265.01
13,stim/wordclouds/concept087_job_wordcloud1.jpg,Job,1,270.02
13,stim/wordclouds/concept055_doctor_wordcloud3.jpg,Doctor,3,275.02
13,stim/wordclouds/concept070_fight_wordcloud4.jpg,Fight,4,280.02
13,stim/wordclouds/concept180_word_wordcloud6.jpg,Word,6,285.01
13,stim/wordclouds/concept043_deceive_wordcloud3.jpg,Deceive,3,290.02
13,stim/wordclouds/concept009_attitude_wordcloud2.jpg,Attitude,2,295.01
13,stim/wordclouds/concept052_dissolve_wordcloud1.jpg,Dissolve,1,300.01
13,stim/wordclouds/concept054_do_wordcloud3.jpg,Do,3,305.02
13,stim/wordclouds/concept093_laugh_wordcloud2.jpg,Laugh,2,310.01
13,stim/wordclouds/concept179_willingly_wordcloud5.jpg,Willingly,5,315.01
13,stim/wordclouds/concept089_kindness_wordcloud6.jpg,Kindness,6,320.02
13,stim/wordclouds/concept169_typical_wordcloud2.jpg,Typical,2,325.02
13,stim/wordclouds/concept030_charming_wordcloud5.jpg,Charming,5,330.02
13,stim/wordclouds/concept107_movement_wordcloud6.jpg,Movement,6,335.02
13,stim/wordclouds/concept094_law_wordcloud6.jpg,Law,6,340.01
13,stim/wordclouds/concept112_noise_wordcloud2.jpg,Noise,2,345.01
13,stim/wordclouds/concept038_counting_wordcloud4.jpg,Counting,4,350.02
13,stim/wordclouds/concept002_accomplished_wordcloud6.jpg,Accomplished,6,355.01
13,stim/wordclouds/concept068_extremely_wordcloud2.jpg,Extremely,2,360.01
13,stim/wordclouds/concept032_cockroach_wordcloud6.jpg,Cockroach,6,365.02
13,stim/wordclouds/concept115_personality_wordcloud6.jpg,Personality,6,370.02
13,stim/wordclouds/concept027_carefully_wordcloud3.jpg,Carefully,3,375.02
13,stim/wordclouds/concept029_charity_wordcloud6.jpg,Charity,6,380.02
13,stim/wordclouds/concept041_dance_wordcloud2.jpg,Dance,2,385.01
13,stim/wordclouds/concept141_ship_wordcloud5.jpg,Ship,5,390.01
13,stim/wordclouds/concept098_light_wordcloud2.jpg,Light,2,395.02
13,stim/wordclouds/concept058_driver_wordcloud3.jpg,Driver,3,400.01
13,stim/wordclouds/concept172_useless_wordcloud2.jpg,Useless,2,405.01
13,stim/wordclouds/concept046_delivery_wordcloud4.jpg,Delivery,4,410.02
13,stim/wordclouds/concept056_dog_wordcloud5.jpg,Dog,5,415.02
13,stim/wordclouds/concept060_election_wordcloud5.jpg,Election,5,420.02
13,stim/wordclouds/concept168_tried_wordcloud2.jpg,Tried,2,425.02
13,stim/wordclouds/concept153_star_wordcloud4.jpg,Star,4,430.02
13,stim/wordclouds/concept062_elegance_wordcloud4.jpg,Elegance,4,435.01
13,stim/wordclouds/concept077_gun_wordcloud6.jpg,Gun,6,440.02
13,stim/wordclouds/concept156_successful_wordcloud1.jpg,Successful,1,445.01
13,stim/wordclouds/concept132_residence_wordcloud4.jpg,Residence,4,450.01
13,stim/wordclouds/concept095_left_wordcloud1.jpg,Left,1,455.02
13,stim/wordclouds/concept158_suspect_wordcloud4.jpg,Suspect,4,460.02
13,stim/wordclouds/concept016_beer_wordcloud3.jpg,Beer,3,465.02
15,stim/wordclouds/concept018_bird_wordcloud4.jpg,Bird,4,10.01
15,stim/wordclouds/concept121_play_wordcloud6.jpg,Play,6,15.02
15,stim/wordclouds/concept048_device_wordcloud4.jpg,Device,4,20.01
15,stim/wordclouds/concept120_plant_wordcloud5.jpg,Plant,5,25.02
15,stim/wordclouds/concept116_philosophy_wordcloud5.jpg,Philosophy,5,30.02
15,stim/wordclouds/concept122_pleasure_wordcloud6.jpg,Pleasure,6,35.02
15,stim/wordclouds/concept149_solution_wordcloud2.jpg,Solution,2,40.02
15,stim/wordclouds/concept010_bag_wordcloud3.jpg,Bag,3,45.02
15,stim/wordclouds/concept163_time_wordcloud2.jpg,Time,2,50.01
15,stim/wordclouds/concept020_body_wordcloud2.jpg,Body,2,55.01
15,stim/wordclouds/concept025_business_wordcloud4.jpg,Business,4,60.02
15,stim/wordclouds/concept068_extremely_wordcloud3.jpg,Extremely,3,65.01
15,stim/wordclouds/concept107_movement_wordcloud5.jpg,Movement,5,70.01
15,stim/wordclouds/concept135_science_wordcloud1.jpg,Science,1,75.02
15,stim/wordclouds/concept039_crazy_wordcloud2.jpg,Crazy,2,80.02
15,stim/wordclouds/concept102_mathematical_wordcloud6.jpg,Mathematical,6,85.02
15,stim/wordclouds/concept147_smart_wordcloud1.jpg,Smart,1,90.02
15,stim/wordclouds/concept058_driver_wordcloud4.jpg,Driver,4,95.02
15,stim/wordclouds/concept045_deliberately_wordcloud6.jpg,Deliberately,6,100.01
15,stim/wordclouds/concept060_election_wordcloud2.jpg,Election,2,105.02
15,stim/wordclouds/concept030_charming_wordcloud2.jpg,Charming,2,110.01
15,stim/wordclouds/concept070_fight_wordcloud3.jpg,Fight,3,115.01
15,stim/wordclouds/concept067_experiment_wordcloud2.jpg,Experiment,2,120.02
15,stim/wordclouds/concept069_feeling_wordcloud2.jpg,Feeling,2,125.01
15,stim/wordclouds/concept056_dog_wordcloud1.jpg,Dog,1,130.02
15,stim/wordclouds/concept015_bed_wordcloud1.jpg,Bed,1,135.02
15,stim/wordclouds/concept021_brain_wordcloud3.jpg,Brain,3,140.02
15,stim/wordclouds/concept175_wash_wordcloud2.jpg,Wash,2,145.02
15,stim/wordclouds/concept017_big_wordcloud4.jpg,Big,4,150.02
15,stim/wordclouds/concept049_dig_wordcloud4.jpg,Dig,4,155.01
15,stim/wordclouds/concept177_wear_wordcloud6.jpg,Wear,6,160.01
15,stim/wordclouds/concept051_disease_wordcloud1.jpg,Disease,1,165.02
15,stim/wordclouds/concept091_lady_wordcloud2.jpg,Lady,2,170.01
15,stim/wordclouds/concept105_money_wordcloud1.jpg,Money,1,175.01
15,stim/wordclouds/concept125_professional_wordcloud5.jpg,Professional,5,180.02
15,stim/wordclouds/concept071_fish_wordcloud1.jpg,Fish,1,185.02
15,stim/wordclouds/concept179_willingly_wordcloud4.jpg,Willingly,4,190.02
15,stim/wordclouds/concept052_dissolve_wordcloud6.jpg,Dissolve,6,195.02
15,stim/wordclouds/concept019_blood_wordcloud3.jpg,Blood,3,200.02
15,stim/wordclouds/concept157_sugar_wordcloud3.jpg,Sugar,3,205.01
15,stim/wordclouds/concept014_beat_wordcloud4.jpg,Beat,4,210.02
15,stim/wordclouds/concept042_dangerous_wordcloud3.jpg,Dangerous,3,215.02
15,stim/wordclouds/concept134_sad_wordcloud2.jpg,Sad,2,220.01
15,stim/wordclouds/concept180_word_wordcloud5.jpg,Word,5,225.02
15,stim/wordclouds/concept162_texture_wordcloud2.jpg,Texture,2,230.02
15,stim/wordclouds/concept093_laugh_wordcloud1.jpg,Laugh,1,245.01
15,stim/wordclouds/concept158_suspect_wordcloud6.jpg,Suspect,6,250.01
15,stim/wordclouds/concept167_trial_wordcloud5.jpg,Trial,5,255.02
15,stim/wordclouds/concept130_relationship_wordcloud5.jpg,Relationship,5,260.01
15,stim/wordclouds/concept027_carefully_wordcloud4.jpg,Carefully,4,265.01
15,stim/wordclouds/concept075_gold_wordcloud4.jpg,Gold,4,270.02
15,stim/wordclouds/concept113_obligation_wordcloud5.jpg,Obligation,5,275.01
15,stim/wordclouds/concept072_flow_wordcloud5.jpg,Flow,5,280.02
15,stim/wordclouds/concept004_apartment_wordcloud3.jpg,Apartment,3,285.02
15,stim/wordclouds/concept083_impress_wordcloud6.jpg,Impress,6,290.02
15,stim/wordclouds/concept115_personality_wordcloud3.jpg,Personality,3,295.02
15,stim/wordclouds/concept022_broken_wordcloud5.jpg,Broken,5,300.02
15,stim/wordclouds/concept144_silly_wordcloud5.jpg,Silly,5,305.02
15,stim/wordclouds/concept035_computer_wordcloud5.jpg,Computer,5,310.01
15,stim/wordclouds/concept026_camera_wordcloud3.jpg,Camera,3,315.01
15,stim/wordclouds/concept131_religious_wordcloud6.jpg,Religious,6,320.02
15,stim/wordclouds/concept101_material_wordcloud1.jpg,Material,1,325.01
15,stim/wordclouds/concept038_counting_wordcloud6.jpg,Counting,6,330.02
15,stim/wordclouds/concept064_emotionally_wordcloud3.jpg,Emotionally,3,335.02
15,stim/wordclouds/concept104_medication_wordcloud3.jpg,Medication,3,340.02
15,stim/wordclouds/concept082_illness_wordcloud2.jpg,Illness,2,345.02
15,stim/wordclouds/concept112_noise_wordcloud4.jpg,Noise,4,350.02
15,stim/wordclouds/concept086_invisible_wordcloud1.jpg,Invisible,1,355.01
15,stim/wordclouds/concept169_typical_wordcloud3.jpg,Typical,3,360.01
15,stim/wordclouds/concept096_level_wordcloud4.jpg,Level,4,365.02
15,stim/wordclouds/concept108_movie_wordcloud5.jpg,Movie,5,370.01
15,stim/wordclouds/concept127_quality_wordcloud5.jpg,Quality,5,375.01
15,stim/wordclouds/concept174_war_wordcloud3.jpg,War,3,380.02
15,stim/wordclouds/concept078_hair_wordcloud1.jpg,Hair,1,385.02
15,stim/wordclouds/concept013_bear_wordcloud5.jpg,Bear,5,390.02
15,stim/wordclouds/concept084_invention_wordcloud4.jpg,Invention,4,395.02
15,stim/wordclouds/concept031_clothes_wordcloud6.jpg,Clothes,6,400.01
15,stim/wordclouds/concept090_king_wordcloud5.jpg,King,5,405.01
15,stim/wordclouds/concept136_seafood_wordcloud2.jpg,Seafood,2,410.02
15,stim/wordclouds/concept028_challenge_wordcloud1.jpg,Challenge,1,415.01
15,stim/wordclouds/concept087_job_wordcloud3.jpg,Job,3,420.01
15,stim/wordclouds/concept080_hurting_wordcloud2.jpg,Hurting,2,425.02
15,stim/wordclouds/concept095_left_wordcloud4.jpg,Left,4,430.02
15,stim/wordclouds/concept110_nation_wordcloud3.jpg,Nation,3,435.02
15,stim/wordclouds/concept074_garbage_wordcloud5.jpg,Garbage,5,440.02
15,stim/wordclouds/concept159_table_wordcloud6.jpg,Table,6,445.02
15,stim/wordclouds/concept141_ship_wordcloud1.jpg,Ship,1,450.01
15,stim/wordclouds/concept079_help_wordcloud4.jpg,Help,4,455.02
15,stim/wordclouds/concept089_kindness_wordcloud1.jpg,Kindness,1,460.01
15,stim/wordclouds/concept024_burn_wordcloud1.jpg,Burn,1,465.01
19,stim/wordclouds/concept059_economy_wordcloud6.jpg,Economy,6,10.01
19,stim/wordclouds/concept006_argument_wordcloud5.jpg,Argument,5,15.02
19,stim/wordclouds/concept117_picture_wordcloud1.jpg,Picture,1,20.01
19,stim/wordclouds/concept023_building_wordcloud1.jpg,Building,1,25.02
19,stim/wordclouds/concept009_attitude_wordcloud4.jpg,Attitude,4,30.02
19,stim/wordclouds/concept170_unaware_wordcloud5.jpg,Unaware,5,35.02
19,stim/wordclouds/concept153_star_wordcloud5.jpg,Star,5,40.02
19,stim/wordclouds/concept173_vacation_wordcloud2.jpg,Vacation,2,45.02
19,stim/wordclouds/concept001_ability_wordcloud4.jpg,Ability,4,50.01
19,stim/wordclouds/concept099_magic_wordcloud6.jpg,Magic,6,55.01
19,stim/wordclouds/concept155_stupid_wordcloud4.jpg,Stupid,4,60.02
19,stim/wordclouds/concept032_cockroach_wordcloud3.jpg,Cockroach,3,65.01
19,stim/wordclouds/concept061_electron_wordcloud3.jpg,Electron,3,70.01
19,stim/wordclouds/concept133_road_wordcloud3.jpg,Road,3,75.02
19,stim/wordclouds/concept126_protection_wordcloud2.jpg,Protection,2,80.02
19,stim/wordclouds/concept029_charity_wordcloud1.jpg,Charity,1,85.02
19,stim/wordclouds/concept111_news_wordcloud1.jpg,News,1,90.02
19,stim/wordclouds/concept143_sign_wordcloud2.jpg,Sign,2,95.01
19,stim/wordclouds/concept154_student_wordcloud4.jpg,Student,4,100.01
19,stim/wordclouds/concept012_bar_wordcloud6.jpg,Bar,6,105.02
19,stim/wordclouds/concept109_music_wordcloud4.jpg,Music,4,110.01
19,stim/wordclouds/concept124_prison_wordcloud5.jpg,Prison,5,115.01
19,stim/wordclouds/concept036_construction_wordcloud2.jpg,Construction,2,120.02
19,stim/wordclouds/concept033_code_wordcloud1.jpg,Code,1,125.02
19,stim/wordclouds/concept098_light_wordcloud6.jpg,Light,6,130.02
19,stim/wordclouds/concept008_art_wordcloud1.jpg,Art,1,135.02
19,stim/wordclouds/concept160_taste_wordcloud1.jpg,Taste,1,140.02
19,stim/wordclouds/concept046_delivery_wordcloud3.jpg,Delivery,3,145.01
19,stim/wordclouds/concept176_weak_wordcloud4.jpg,Weak,4,150.02
19,stim/wordclouds/concept041_dance_wordcloud3.jpg,Dance,3,155.01
19,stim/wordclouds/concept146_skin_wordcloud1.jpg,Skin,1,160.01
19,stim/wordclouds/concept139_sexy_wordcloud3.jpg,Sexy,3,165.02
19,stim/wordclouds/concept142_show_wordcloud4.jpg,Show,4,170.01
19,stim/wordclouds/concept047_dessert_wordcloud5.jpg,Dessert,5,175.01
19,stim/wordclouds/concept007_argumentatively_wordcloud5.jpg,Argumentatively,5,180.02
19,stim/wordclouds/concept054_do_wordcloud1.jpg,Do,1,185.02
19,stim/wordclouds/concept132_residence_wordcloud1.jpg,Residence,1,190.02
19,stim/wordclouds/concept161_team_wordcloud1.jpg,Team,1,195.02
19,stim/wordclouds/concept016_beer_wordcloud1.jpg,Beer,1,200.01
19,stim/wordclouds/concept145_sin_wordcloud5.jpg,Sin,5,205.01
19,stim/wordclouds/concept077_gun_wordcloud1.jpg,Gun,1,210.02
19,stim/wordclouds/concept129_read_wordcloud4.jpg,Read,4,215.01
19,stim/wordclouds/concept164_tool_wordcloud5.jpg,Tool,5,220.01
19,stim/wordclouds/concept050_dinner_wordcloud1.jpg,Dinner,1,225.02
19,stim/wordclouds/concept166_tree_wordcloud4.jpg,Tree,4,230.02
19,stim/wordclouds/concept150_soul_wordcloud4.jpg,Soul,4,245.01
19,stim/wordclouds/concept178_weather_wordcloud4.jpg,Weather,4,250.01
19,stim/wordclouds/concept100_marriage_wordcloud6.jpg,Marriage,6,255.02
19,stim/wordclouds/concept138_sew_wordcloud5.jpg,Sew,5,260.01
19,stim/wordclouds/concept037_cook_wordcloud5.jpg,Cook,5,265.01
19,stim/wordclouds/concept097_liar_wordcloud4.jpg,Liar,4,270.02
19,stim/wordclouds/concept118_pig_wordcloud2.jpg,Pig,2,275.01
19,stim/wordclouds/concept119_plan_wordcloud5.jpg,Plan,5,280.02
19,stim/wordclouds/concept044_dedication_wordcloud5.jpg,Dedication,5,285.02
19,stim/wordclouds/concept171_usable_wordcloud2.jpg,Usable,2,290.02
19,stim/wordclouds/concept172_useless_wordcloud4.jpg,Useless,4,295.01
19,stim/wordclouds/concept076_great_wordcloud5.jpg,Great,5,300.02
19,stim/wordclouds/concept055_doctor_wordcloud4.jpg,Doctor,4,305.02
19,stim/wordclouds/concept152_spoke_wordcloud2.jpg,Spoke,2,310.01
19,stim/wordclouds/concept040_damage_wordcloud6.jpg,Damage,6,315.02
19,stim/wordclouds/concept063_emotion_wordcloud1.jpg,Emotion,1,320.02
19,stim/wordclouds/concept043_deceive_wordcloud2.jpg,Deceive,2,325.01
19,stim/wordclouds/concept168_tried_wordcloud3.jpg,Tried,3,330.02
19,stim/wordclouds/concept081_ignorance_wordcloud3.jpg,Ignorance,3,335.02
19,stim/wordclouds/concept114_pain_wordcloud1.jpg,Pain,1,340.02
19,stim/wordclouds/concept137_sell_wordcloud4.jpg,Sell,4,345.02
19,stim/wordclouds/concept003_angry_wordcloud4.jpg,Angry,4,350.01
19,stim/wordclouds/concept103_mechanism_wordcloud6.jpg,Mechanism,6,355.01
19,stim/wordclouds/concept148_smiling_wordcloud5.jpg,Smiling,5,360.02
19,stim/wordclouds/concept128_reaction_wordcloud3.jpg,Reaction,3,365.02
19,stim/wordclouds/concept106_mountain_wordcloud2.jpg,Mountain,2,370.01
19,stim/wordclouds/concept092_land_wordcloud5.jpg,Land,5,375.02
19,stim/wordclouds/concept094_law_wordcloud1.jpg,Law,1,380.02
19,stim/wordclouds/concept062_elegance_wordcloud5.jpg,Elegance,5,385.02
19,stim/wordclouds/concept151_sound_wordcloud4.jpg,Sound,4,390.02
19,stim/wordclouds/concept034_collection_wordcloud5.jpg,Collection,5,395.02
19,stim/wordclouds/concept140_shape_wordcloud5.jpg,Shape,5,400.01
19,stim/wordclouds/concept073_food_wordcloud4.jpg,Food,4,405.01
19,stim/wordclouds/concept165_toy_wordcloud1.jpg,Toy,1,410.02
19,stim/wordclouds/concept088_jungle_wordcloud4.jpg,Jungle,4,415.01
19,stim/wordclouds/concept002_accomplished_wordcloud5.jpg,Accomplished,5,420.01
19,stim/wordclouds/concept065_engine_wordcloud2.jpg,Engine,2,425.02
19,stim/wordclouds/concept123_poor_wordcloud5.jpg,Poor,5,430.02
19,stim/wordclouds/concept057_dressing_wordcloud3.jpg,Dressing,3,435.02
19,stim/wordclouds/concept156_successful_wordcloud3.jpg,Successful,3,440.02
19,stim/wordclouds/concept005_applause_wordcloud1.jpg,Applause,1,445.01
19,stim/wordclouds/concept085_investigation_wordcloud4.jpg,Investigation,4,450.01
19,stim/wordclouds/concept066_event_wordcloud3.jpg,Event,3,455.02
19,stim/wordclouds/concept053_disturb_wordcloud4.jpg,Disturb,4,460.01
19,stim/wordclouds/concept011_ball_wordcloud3.jpg,Ball,3,465.01
21,stim/wordclouds/concept110_nation_wordcloud6.jpg,Nation,6,10.02
21,stim/wordclouds/concept163_time_wordcloud1.jpg,Time,1,15.01
21,stim/wordclouds/concept006_argument_wordcloud1.jpg,Argument,1,20.01
21,stim/wordclouds/concept009_attitude_wordcloud1.jpg,Attitude,1,25.02
21,stim/wordclouds/concept171_usable_wordcloud3.jpg,Usable,3,30.02
21,stim/wordclouds/concept154_student_wordcloud5.jpg,Student,5,35.02
21,stim/wordclouds/concept143_sign_wordcloud3.jpg,Sign,3,40.02
21,stim/wordclouds/concept153_star_wordcloud2.jpg,Star,2,45.02
21,stim/wordclouds/concept073_food_wordcloud1.jpg,Food,1,50.01
21,stim/wordclouds/concept063_emotion_wordcloud5.jpg,Emotion,5,55.02
21,stim/wordclouds/concept124_prison_wordcloud3.jpg,Prison,3,60.02
21,stim/wordclouds/concept127_quality_wordcloud4.jpg,Quality,4,65.01
21,stim/wordclouds/concept104_medication_wordcloud2.jpg,Medication,2,70.02
21,stim/wordclouds/concept168_tried_wordcloud1.jpg,Tried,1,75.02
21,stim/wordclouds/concept065_engine_wordcloud6.jpg,Engine,6,80.02
21,stim/wordclouds/concept147_smart_wordcloud3.jpg,Smart,3,85.02
21,stim/wordclouds/concept105_money_wordcloud5.jpg,Money,5,90.02
21,stim/wordclouds/concept136_seafood_wordcloud3.jpg,Seafood,3,95.01
21,stim/wordclouds/concept176_weak_wordcloud5.jpg,Weak,5,100.01
21,stim/wordclouds/concept017_big_wordcloud2.jpg,Big,2,105.02
21,stim/wordclouds/concept067_experiment_wordcloud5.jpg,Experiment,5,110.01
21,stim/wordclouds/concept112_noise_wordcloud5.jpg,Noise,5,115.01
21,stim/wordclouds/concept079_help_wordcloud5.jpg,Help,5,120.02
21,stim/wordclouds/concept109_music_wordcloud2.jpg,Music,2,125.02
21,stim/wordclouds/concept180_word_wordcloud4.jpg,Word,4,130.02
21,stim/wordclouds/concept004_apartment_wordcloud5.jpg,Apartment,5,135.02
21,stim/wordclouds/concept081_ignorance_wordcloud5.jpg,Ignorance,5,140.02
21,stim/wordclouds/concept068_extremely_wordcloud4.jpg,Extremely,4,145.01
21,stim/wordclouds/concept088_jungle_wordcloud1.jpg,Jungle,1,150.02
21,stim/wordclouds/concept037_cook_wordcloud3.jpg,Cook,3,155.01
21,stim/wordclouds/concept048_device_wordcloud1.jpg,Device,1,160.01
21,stim/wordclouds/concept049_dig_wordcloud3.jpg,Dig,3,165.02
21,stim/wordclouds/concept114_pain_wordcloud2.jpg,Pain,2,170.01
21,stim/wordclouds/concept012_bar_wordcloud1.jpg,Bar,1,175.02
21,stim/wordclouds/concept015_bed_wordcloud5.jpg,Bed,5,180.02
21,stim/wordclouds/concept092_land_wordcloud2.jpg,Land,2,185.02
21,stim/wordclouds/concept053_disturb_wordcloud6.jpg,Disturb,6,190.01
21,stim/wordclouds/concept162_texture_wordcloud1.jpg,Texture,1,195.02
21,stim/wordclouds/concept166_tree_wordcloud1.jpg,Tree,1,200.01
21,stim/wordclouds/concept002_accomplished_wordcloud3.jpg,Accomplished,3,205.01
21,stim/wordclouds/concept141_ship_wordcloud3.jpg,Ship,3,210.02
21,stim/wordclouds/concept075_gold_wordcloud6.jpg,Gold,6,215.01
21,stim/wordclouds/concept031_clothes_wordcloud2.jpg,Clothes,2,220.01
21,stim/wordclouds/concept010_bag_wordcloud4.jpg,Bag,4,225.02
21,stim/wordclouds/concept066_event_wordcloud4.jpg,Event,4,230.02
21,stim/wordclouds/concept133_road_wordcloud1.jpg,Road,1,245.01
21,stim/wordclouds/concept139_sexy_wordcloud6.jpg,Sexy,6,250.01
21,stim/wordclouds/concept035_computer_wordcloud1.jpg,Computer,1,255.02
21,stim/wordclouds/concept144_silly_wordcloud3.jpg,Silly,3,260.01
21,stim/wordclouds/concept072_flow_wordcloud3.jpg,Flow,3,265.01
21,stim/wordclouds/concept148_smiling_wordcloud3.jpg,Smiling,3,270.02
21,stim/wordclouds/concept119_plan_wordcloud1.jpg,Plan,1,275.02
21,stim/wordclouds/concept028_challenge_wordcloud5.jpg,Challenge,5,280.02
21,stim/wordclouds/concept074_garbage_wordcloud3.jpg,Garbage,3,285.02
21,stim/wordclouds/concept173_vacation_wordcloud4.jpg,Vacation,4,290.02
21,stim/wordclouds/concept122_pleasure_wordcloud4.jpg,Pleasure,4,295.01
21,stim/wordclouds/concept070_fight_wordcloud1.jpg,Fight,1,300.02
21,stim/wordclouds/concept137_sell_wordcloud5.jpg,Sell,5,305.01
21,stim/wordclouds/concept008_art_wordcloud5.jpg,Art,5,310.01
21,stim/wordclouds/concept050_dinner_wordcloud4.jpg,Dinner,4,315.02
21,stim/wordclouds/concept038_counting_wordcloud3.jpg,Counting,3,320.01
21,stim/wordclouds/concept111_news_wordcloud2.jpg,News,2,325.02
21,stim/wordclouds/concept047_dessert_wordcloud4.jpg,Dessert,4,330.02
21,stim/wordclouds/concept013_bear_wordcloud3.jpg,Bear,3,335.02
21,stim/wordclouds/concept032_cockroach_wordcloud2.jpg,Cockroach,2,340.01
21,stim/wordclouds/concept025_business_wordcloud1.jpg,Business,1,345.02
21,stim/wordclouds/concept023_building_wordcloud2.jpg,Building,2,350.01
21,stim/wordclouds/concept138_sew_wordcloud1.jpg,Sew,1,355.01
21,stim/wordclouds/concept059_economy_wordcloud3.jpg,Economy,3,360.02
21,stim/wordclouds/concept131_religious_wordcloud2.jpg,Religious,2,365.01
21,stim/wordclouds/concept003_angry_wordcloud5.jpg,Angry,5,370.01
21,stim/wordclouds/concept046_delivery_wordcloud1.jpg,Delivery,1,375.02
21,stim/wordclouds/concept043_deceive_wordcloud6.jpg,Deceive,6,380.02
21,stim/wordclouds/concept142_show_wordcloud6.jpg,Show,6,385.02
21,stim/wordclouds/concept172_useless_wordcloud1.jpg,Useless,1,390.02
21,stim/wordclouds/concept082_illness_wordcloud1.jpg,Illness,1,395.01
21,stim/wordclouds/concept121_play_wordcloud2.jpg,Play,2,400.01
21,stim/wordclouds/concept096_level_wordcloud5.jpg,Level,5,405.02
21,stim/wordclouds/concept014_beat_wordcloud3.jpg,Beat,3,410.01
21,stim/wordclouds/concept083_impress_wordcloud5.jpg,Impress,5,415.01
21,stim/wordclouds/concept071_fish_wordcloud4.jpg,Fish,4,420.02
21,stim/wordclouds/concept146_skin_wordcloud5.jpg,Skin,5,425.02
21,stim/wordclouds/concept040_damage_wordcloud5.jpg,Damage,5,430.02
21,stim/wordclouds/concept041_dance_wordcloud4.jpg,Dance,4,435.02
21,stim/wordclouds/concept042_dangerous_wordcloud6.jpg,Dangerous,6,440.02
21,stim/wordclouds/concept054_do_wordcloud2.jpg,Do,2,445.01
21,stim/wordclouds/concept095_left_wordcloud2.jpg,Left,2,450.02
21,stim/wordclouds/concept080_hurting_wordcloud4.jpg,Hurting,4,455.01
21,stim/wordclouds/concept011_ball_wordcloud4.jpg,Ball,4,460.01
21,stim/wordclouds/concept159_table_wordcloud3.jpg,Table,3,465.02
23,stim/wordclouds/concept116_philosophy_wordcloud4.jpg,Philosophy,4,10.02
23,stim/wordclouds/concept099_magic_wordcloud3.jpg,Magic,3,15.01
23,stim/wordclouds/concept179_willingly_wordcloud1.jpg,Willingly,1,20.02
23,stim/wordclouds/concept055_doctor_wordcloud2.jpg,Doctor,2,25.02
23,stim/wordclouds/concept157_sugar_wordcloud5.jpg,Sugar,5,30.02
23,stim/wordclouds/concept113_obligation_wordcloud4.jpg,Obligation,4,35.02
23,stim/wordclouds/concept018_bird_wordcloud3.jpg,Bird,3,40.02
23,stim/wordclouds/concept161_team_wordcloud2.jpg,Team,2,45.01
23,stim/wordclouds/concept175_wash_wordcloud6.jpg,Wash,6,50.01
23,stim/wordclouds/concept097_liar_wordcloud1.jpg,Liar,1,55.02
23,stim/wordclouds/concept100_marriage_wordcloud5.jpg,Marriage,5,60.02
23,stim/wordclouds/concept169_typical_wordcloud5.jpg,Typical,5,65.01
23,stim/wordclouds/concept178_weather_wordcloud5.jpg,Weather,5,70.02
23,stim/wordclouds/concept044_dedication_wordcloud2.jpg,Dedication,2,75.02
23,stim/wordclouds/concept156_successful_wordcloud2.jpg,Successful,2,80.02
23,stim/wordclouds/concept030_charming_wordcloud1.jpg,Charming,1,85.02
23,stim/wordclouds/concept101_material_wordcloud4.jpg,Material,4,90.02
23,stim/wordclouds/concept026_camera_wordcloud2.jpg,Camera,2,95.01
23,stim/wordclouds/concept087_job_wordcloud4.jpg,Job,4,100.02
23,stim/wordclouds/concept149_solution_wordcloud3.jpg,Solution,3,105.02
23,stim/wordclouds/concept084_invention_wordcloud6.jpg,Invention,6,110.01
23,stim/wordclouds/concept132_residence_wordcloud5.jpg,Residence,5,115.02
23,stim/wordclouds/concept125_professional_wordcloud1.jpg,Professional,1,120.02
23,stim/wordclouds/concept016_beer_wordcloud6.jpg,Beer,6,125.02
23,stim/wordclouds/concept034_collection_wordcloud2.jpg,Collection,2,130.02
23,stim/wordclouds/concept165_toy_wordcloud2.jpg,Toy,2,135.02
23,stim/wordclouds/concept145_sin_wordcloud2.jpg,Sin,2,140.01
23,stim/wordclouds/concept089_kindness_wordcloud3.jpg,Kindness,3,145.02
23,stim/wordclouds/concept167_trial_wordcloud3.jpg,Trial,3,150.02
23,stim/wordclouds/concept022_broken_wordcloud2.jpg,Broken,2,155.01
23,stim/wordclouds/concept091_lady_wordcloud1.jpg,Lady,1,160.01
23,stim/wordclouds/concept103_mechanism_wordcloud3.jpg,Mechanism,3,165.01
23,stim/wordclouds/concept064_emotionally_wordcloud6.jpg,Emotionally,6,170.02
23,stim/wordclouds/concept061_electron_wordcloud6.jpg,Electron,6,175.02
23,stim/wordclouds/concept107_movement_wordcloud3.jpg,Movement,3,180.02
23,stim/wordclouds/concept019_blood_wordcloud1.jpg,Blood,1,185.02
23,stim/wordclouds/concept007_argumentatively_wordcloud3.jpg,Argumentatively,3,190.01
23,stim/wordclouds/concept174_war_wordcloud5.jpg,War,5,195.02
23,stim/wordclouds/concept140_shape_wordcloud6.jpg,Shape,6,200.01
23,stim/wordclouds/concept102_mathematical_wordcloud2.jpg,Mathematical,2,205.01
23,stim/wordclouds/concept057_dressing_wordcloud1.jpg,Dressing,1,210.02
23,stim/wordclouds/concept051_disease_wordcloud2.jpg,Disease,2,215.02
23,stim/wordclouds/concept052_dissolve_wordcloud5.jpg,Dissolve,5,220.02
23,stim/wordclouds/concept150_soul_wordcloud2.jpg,Soul,2,225.02
23,stim/wordclouds/concept130_relationship_wordcloud3.jpg,Relationship,3,230.02
23,stim/wordclouds/concept086_invisible_wordcloud3.jpg,Invisible,3,245.01
23,stim/wordclouds/concept045_deliberately_wordcloud3.jpg,Deliberately,3,250.01
23,stim/wordclouds/concept134_sad_wordcloud4.jpg,Sad,4,255.02
23,stim/wordclouds/concept060_election_wordcloud6.jpg,Election,6,260.01
23,stim/wordclouds/concept029_charity_wordcloud4.jpg,Charity,4,265.01
23,stim/wordclouds/concept118_pig_wordcloud4.jpg,Pig,4,270.02
23,stim/wordclouds/concept170_unaware_wordcloud3.jpg,Unaware,3,275.02
23,stim/wordclouds/concept024_burn_wordcloud6.jpg,Burn,6,280.02
23,stim/wordclouds/concept069_feeling_wordcloud6.jpg,Feeling,6,285.02
23,stim/wordclouds/concept020_body_wordcloud1.jpg,Body,1,290.01
23,stim/wordclouds/concept090_king_wordcloud2.jpg,King,2,295.01
23,stim/wordclouds/concept094_law_wordcloud5.jpg,Law,5,300.02
23,stim/wordclouds/concept027_carefully_wordcloud5.jpg,Carefully,5,305.01
23,stim/wordclouds/concept115_personality_wordcloud2.jpg,Personality,2,310.01
23,stim/wordclouds/concept177_wear_wordcloud3.jpg,Wear,3,315.02
23,stim/wordclouds/concept005_applause_wordcloud4.jpg,Applause,4,320.02
23,stim/wordclouds/concept155_stupid_wordcloud6.jpg,Stupid,6,325.02
23,stim/wordclouds/concept093_laugh_wordcloud6.jpg,Laugh,6,330.02
23,stim/wordclouds/concept058_driver_wordcloud6.jpg,Driver,6,335.02
23,stim/wordclouds/concept108_movie_wordcloud1.jpg,Movie,1,340.01
23,stim/wordclouds/concept039_crazy_wordcloud6.jpg,Crazy,6,345.02
23,stim/wordclouds/concept126_protection_wordcloud4.jpg,Protection,4,350.01
23,stim/wordclouds/concept135_science_wordcloud2.jpg,Science,2,355.01
23,stim/wordclouds/concept036_construction_wordcloud3.jpg,Construction,3,360.02
23,stim/wordclouds/concept152_spoke_wordcloud1.jpg,Spoke,1,365.01
23,stim/wordclouds/concept056_dog_wordcloud3.jpg,Dog,3,370.02
23,stim/wordclouds/concept077_gun_wordcloud3.jpg,Gun,3,375.02
23,stim/wordclouds/concept106_mountain_wordcloud5.jpg,Mountain,5,380.02
23,stim/wordclouds/concept123_poor_wordcloud1.jpg,Poor,1,385.02
23,stim/wordclouds/concept098_light_wordcloud5.jpg,Light,5,390.02
23,stim/wordclouds/concept033_code_wordcloud4.jpg,Code,4,395.01
23,stim/wordclouds/concept062_elegance_wordcloud6.jpg,Elegance,6,400.01
23,stim/wordclouds/concept085_investigation_wordcloud2.jpg,Investigation,2,405.02
23,stim/wordclouds/concept151_sound_wordcloud6.jpg,Sound,6,410.01
23,stim/wordclouds/concept001_ability_wordcloud1.jpg,Ability,1,415.01
23,stim/wordclouds/concept160_taste_wordcloud4.jpg,Taste,4,420.02
23,stim/wordclouds/concept120_plant_wordcloud2.jpg,Plant,2,425.02
23,stim/wordclouds/concept129_read_wordcloud3.jpg,Read,3,430.02
23,stim/wordclouds/concept158_suspect_wordcloud5.jpg,Suspect,5,435.02
23,stim/wordclouds/concept021_brain_wordcloud4.jpg,Brain,4,440.01
23,stim/wordclouds/concept117_picture_wordcloud4.jpg,Picture,4,445.01
23,stim/wordclouds/concept164_tool_wordcloud6.jpg,Tool,6,450.02
23,stim/wordclouds/concept076_great_wordcloud6.jpg,Great,6,455.01
23,stim/wordclouds/concept078_hair_wordcloud4.jpg,Hair,4,460.01
23,stim/wordclouds/concept128_reaction_wordcloud4.jpg,Reaction,4,465.02
